{
  "Comment": "Extract, Generate Schema, Create Blueprint and Save",
  "StartAt": "ExtractText",
  "States": {
    "ExtractText": {
      "Type": "Map",
      "ItemsPath": "$.files",
      "Parameters": {
        "file_key.$": "$$.Map.Item.Value",
        "batch_id.$": "$.batch_id"
      },
      "Iterator": {
        "StartAt": "RunExtractLambda",
        "States": {
          "RunExtractLambda": {
            "Type": "Task",
            "Resource": "${ClassificationsLambdaArn}:$LATEST",
            "Parameters": {
              "task": "classification_extraction",
              "file_key.$": "$.file_key",
              "batch_id.$": "$.batch_id"
            },
            "ResultPath": "$.result",
            "End": true
          }
        }
      },
      "ResultSelector": {
        "ExtractedTextList.$": "$[*].result.ExtractedText"
      },
      "ResultPath": "$.ExtractedResults",
      "Next": "PrepareSchemaPayload"
    },
    "PrepareSchemaPayload": {
      "Type": "Pass",
      "Parameters": {
        "batch_id.$": "$.batch_id",
        "username.$": "$.username",
        "classification_name.$": "$.classification_name",
        "texts.$": "$.ExtractedResults.ExtractedTextList"
      },
      "ResultPath": "$",
      "Next": "SchemaGeneration"
    },
    "SchemaGeneration": {
      "Type": "Task",
      "Resource": "${ClassificationsLambdaArn}:$LATEST",
      "Parameters": {
        "task": "schema_generation",
        "batch_id.$": "$.batch_id",
        "username.$": "$.username",
        "classification_name.$": "$.classification_name",
        "texts.$": "$.texts"
      },
      "ResultPath": "$.SchemaResult",
      "Next": "BlueprintCreation"
    },
    "BlueprintCreation": {
      "Type": "Task",
      "Resource": "${ClassificationsLambdaArn}:$LATEST",
      "Parameters": {
        "task": "blueprint_creation",
        "batch_id.$": "$.SchemaResult.batch_id",
        "username.$": "$.SchemaResult.username",
        "classification_name.$": "$.SchemaResult.classification_name",
        "schema.$": "$.SchemaResult.schema"
      },
      "ResultPath": "$.BlueprintResult",
      "Next": "SaveResults"
    },
    "SaveResults": {
      "Type": "Task",
      "Resource": "${ClassificationsLambdaArn}:$LATEST",
      "Parameters": {
        "schema.$": "$.SchemaResult.schema",
        "task": "save_results",
        "batch_id.$": "$.BlueprintResult.batch_id",
        "username.$": "$.BlueprintResult.username",
        "classification_name.$": "$.BlueprintResult.classification_name",
        "blueprint_arn.$": "$.BlueprintResult.blueprint_arn"
      },
      "End": true
    }
  }
}