{
  "Comment": "Main backbone of the AIDP application. Does the Information Extraction, Fraud Detection, and the PII Detection and Redaction",
  "StartAt": "Extraction Job Initialization",
  "States": {
    "Extraction Job Initialization": {
      "Type": "Task",
      "Resource": "arn:aws:states:::lambda:invoke",
      "OutputPath": "$.Payload",
      "Parameters": {
        "Payload.$": "$",
        "FunctionName": "${ExtractionsLambdaArn}:$LATEST"
      },
      "Retry": [
        {
          "ErrorEquals": [
            "Lambda.ServiceException",
            "Lambda.AWSLambdaException",
            "Lambda.SdkClientException",
            "Lambda.TooManyRequestsException"
          ],
          "IntervalSeconds": 1,
          "MaxAttempts": 3,
          "BackoffRate": 2,
          "JitterStrategy": "FULL"
        }
      ],
      "Next": "Parallel"
    },
    "Parallel": {
      "Type": "Parallel",
      "Branches": [
        {
          "StartAt": "BDA Map",
          "States": {
            "BDA Map": {
              "Type": "Map",
              "ItemsPath": "$.FileKeys",
              "Parameters": {
                "FileKey.$": "$$.Map.Item.Value",
                "DocVaultId.$": "$.DocVaultId",
                "JobId.$": "$.JobId",
                "ProjectArn.$": "$.ProjectArn",
                "User.$": "$.User",
                "Extraction": "BDA",
                "Task": "Parallel Extraction"
              },
              "ItemProcessor": {
                "ProcessorConfig": {
                  "Mode": "INLINE"
                },
                "StartAt": "BDA Extraction",
                "States": {
                  "BDA Extraction": {
                    "Type": "Task",
                    "Resource": "arn:aws:states:::lambda:invoke",
                    "Parameters": {
                      "Payload.$": "$",
                      "FunctionName": "${ExtractionsLambdaArn}:$LATEST"
                    },
                    "OutputPath": "$.Payload",
                    "Retry": [
                      {
                        "ErrorEquals": [
                          "Lambda.ServiceException",
                          "Lambda.AWSLambdaException",
                          "Lambda.SdkClientException",
                          "Lambda.TooManyRequestsException"
                        ],
                        "IntervalSeconds": 1,
                        "MaxAttempts": 3,
                        "BackoffRate": 2,
                        "JitterStrategy": "FULL"
                      }
                    ],
                    "End": true
                  }
                }
              },
              "End": true
            }
          }
        },
        {
          "StartAt": "Model Map",
          "States": {
            "Model Map": {
              "Type": "Map",
              "ItemsPath": "$.FileKeys",
              "Parameters": {
                "FileKey.$": "$$.Map.Item.Value",
                "DocVaultId.$": "$.DocVaultId",
                "JobId.$": "$.JobId",
                "ProjectArn.$": "$.ProjectArn",
                "User.$": "$.User",
                "Extraction": "Model",
                "Task": "Parallel Extraction"
              },
              "ItemProcessor": {
                "ProcessorConfig": {
                  "Mode": "INLINE"
                },
                "StartAt": "Model Extraction",
                "States": {
                  "Model Extraction": {
                    "Type": "Task",
                    "Resource": "arn:aws:states:::lambda:invoke",
                    "Parameters": {
                      "Payload.$": "$",
                      "FunctionName": "${ExtractionsLambdaArn}:$LATEST"
                    },
                    "OutputPath": "$.Payload",
                    "Retry": [
                      {
                        "ErrorEquals": [
                          "Lambda.ServiceException",
                          "Lambda.AWSLambdaException",
                          "Lambda.SdkClientException",
                          "Lambda.TooManyRequestsException"
                        ],
                        "IntervalSeconds": 1,
                        "MaxAttempts": 3,
                        "BackoffRate": 2,
                        "JitterStrategy": "FULL"
                      }
                    ],
                    "End": true
                  }
                }
              },
              "End": true
            }
          }
        }
      ],
      "Next": "Project Deletion"
    },
    "Project Deletion": {
      "Type": "Task",
      "Resource": "arn:aws:states:::lambda:invoke",
      "OutputPath": "$.Payload",
      "Parameters": {
        "Payload": {
          "Task": "Delete Project",
          "MapStateOutput.$": "$"
        },
        "FunctionName": "${ExtractionsLambdaArn}:$LATEST"
      },
      "Retry": [
        {
          "ErrorEquals": [
            "Lambda.ServiceException",
            "Lambda.AWSLambdaException",
            "Lambda.SdkClientException",
            "Lambda.TooManyRequestsException"
          ],
          "IntervalSeconds": 1,
          "MaxAttempts": 3,
          "BackoffRate": 2,
          "JitterStrategy": "FULL"
        }
      ],
      "Next": "Ouput Comparsion"
    },
    "Ouput Comparsion": {
      "Type": "Map",
      "ItemsPath": "$.FilesKeyList",
      "Parameters": {
        "FilesKeyDictionary.$": "$$.Map.Item.Value",
        "DocVaultId.$": "$.DocVaultId",
        "User.$": "$.User",
        "Task": "Output Comparison"
      },
      "ItemProcessor": {
        "ProcessorConfig": {
          "Mode": "INLINE"
        },
        "StartAt": "Ouput Consolidation",
        "States": {
          "Ouput Consolidation": {
            "Type": "Task",
            "Resource": "arn:aws:states:::lambda:invoke",
            "OutputPath": "$.Payload",
            "Parameters": {
              "Payload.$": "$",
              "FunctionName": "${ExtractionsLambdaArn}:$LATEST"
            },
            "Retry": [
              {
                "ErrorEquals": [
                  "Lambda.ServiceException",
                  "Lambda.AWSLambdaException",
                  "Lambda.SdkClientException",
                  "Lambda.TooManyRequestsException"
                ],
                "IntervalSeconds": 1,
                "MaxAttempts": 3,
                "BackoffRate": 2,
                "JitterStrategy": "FULL"
              }
            ],
            "Next": "Check Class for Fraud Detection"
          },
          "Check Class for Fraud Detection": {
            "Type": "Choice",
            "Choices": [
              {
                "Variable": "$.Classification",
                "StringEquals": "US-Passport",
                "Next": "Consolidated Fraud Detection"
              },
              {
                "Variable": "$.Classification",
                "StringEquals": "US-Driver-License",
                "Next": "Consolidated Fraud Detection"
              }
            ],
            "Default": "PII Detection and Redaction"
          },
          "Consolidated Fraud Detection": {
            "Type": "Task",
            "Resource": "arn:aws:states:::lambda:invoke",
            "OutputPath": "$.Payload",
            "Parameters": {
              "Payload.$": "$",
              "FunctionName": "${FraudDetectionLambdaArn}:$LATEST"
            },
            "Retry": [
              {
                "ErrorEquals": [
                  "Lambda.ServiceException",
                  "Lambda.AWSLambdaException",
                  "Lambda.SdkClientException",
                  "Lambda.TooManyRequestsException"
                ],
                "IntervalSeconds": 1,
                "MaxAttempts": 3,
                "BackoffRate": 2
              }
            ],
            "Next": "PII Detection and Redaction"
          },
          "PII Detection and Redaction": {
            "Type": "Task",
            "Resource": "arn:aws:states:::lambda:invoke",
            "OutputPath": "$.Payload",
            "Parameters": {
              "Payload.$": "$",
              "FunctionName": "${PIILambdaArn}:$LATEST"
            },
            "Retry": [
              {
                "ErrorEquals": [
                  "Lambda.ServiceException",
                  "Lambda.AWSLambdaException",
                  "Lambda.SdkClientException",
                  "Lambda.TooManyRequestsException"
                ],
                "IntervalSeconds": 1,
                "MaxAttempts": 3,
                "BackoffRate": 2,
                "JitterStrategy": "FULL"
              }
            ],
            "End": true
          }
        }
      },
      "End": true
    }
  },
  "QueryLanguage": "JSONPath"
}