{
  "Comment": "Document Standardization Workflow",
  "StartAt": "GetFilesToProcess",
  "States": {
    "GetFilesToProcess": {
      "Type": "Task",
      "Resource": "arn:aws:states:::lambda:invoke",
      "Parameters": {
        "FunctionName": "${StandardizeLambdaArn}:$LATEST",
        "Payload": {
          "task": "get_files",
          "docvaultId.$": "$.docvaultId",
          "classification.$": "$.classification"
        }
      },
      "ResultPath": "$.files",
      "Next": "ProcessFiles"
    },
    "ProcessFiles": {
      "Type": "Map",
      "ItemsPath": "$.files.Payload",
      "MaxConcurrency": 10,
      "Parameters": {
        "file.$": "$$.Map.Item.Value",
        "docvaultId.$": "$.docvaultId",
        "initialFormat.$": "$.initialFormat",
        "finalFormat.$": "$.finalFormat",
        "username.$": "$.username"
      },
      "Iterator": {
        "StartAt": "StandardizeFile",
        "States": {
          "StandardizeFile": {
            "Type": "Task",
            "Resource": "arn:aws:states:::lambda:invoke",
            "Parameters": {
              "FunctionName": "${StandardizeLambdaArn}:$LATEST",
              "Payload": {
                "task": "standardize_file",
                "file.$": "$.file",
                "docvaultId.$": "$.docvaultId",
                "initialFormat.$": "$.initialFormat",
                "finalFormat.$": "$.finalFormat",
                "username.$": "$.username"
              }
            },
            "End": true,
            "Retry": [
              {
                "ErrorEquals": [
                  "States.ALL"
                ],
                "IntervalSeconds": 2,
                "MaxAttempts": 3,
                "BackoffRate": 1.5
              }
            ]
          }
        }
      },
      "End": true
    }
  }
}